mysql> SELECT MIN(BirthDate) FROM Employee;
+---------------------+
| MIN(BirthDate)      |
+---------------------+
| 1947-09-19 00:00:00 |
+---------------------+
1 row in set (0.00 sec)

mysql> SELECT MAX(Hiredate) FROM Employee;
+---------------------+
| MAX(Hiredate)       |
+---------------------+
| 2004-03-04 00:00:00 |
+---------------------+
1 row in set (0.00 sec)

mysql> SELECT AVG(Total) FROM Invoice;
+------------+
| AVG(Total) |
+------------+
|   5.651942 |
+------------+
1 row in set (0.00 sec)

mysql> SELECT ROUND(AVG(Total), 2) FROM Invoice;
+----------------------+
| ROUND(AVG(Total), 2) |
+----------------------+
|                 5.65 |
+----------------------+
1 row in set (0.00 sec)

mysql> SELECT TOTAL FROM Invoice
    -> WHERE InvoiceId = 2;
+-------+
| TOTAL |
+-------+
|  3.96 |
+-------+
1 row in set (0.00 sec)

mysql> SELECT SUM(UnitPrice * Quantity) FROM InvoiceLine
    -> WHERE InvoiceId = 2;
+---------------------------+
| SUM(UnitPrice * Quantity) |
+---------------------------+
|                      3.96 |
+---------------------------+
1 row in set (0.00 sec)

mysql> notee
